course_name,career_goal,difficulty
Python for Data Science,Data Science,Easy
Machine Learning Fundamentals,Data Science,Easy
Deep Learning with TensorFlow,Data Science,Easy
Big Data and Spark,Data Science,Easy
AI Ethics and Bias,Data Science,Easy
Statistical Data Analysis,Data Science,Hard
Computer Vision,Data Science,Hard
Natural Language Processing,Data Science,Hard
Data Wrangling with Pandas,Data Science,Easy
Time Series Forecasting,Data Science,Hard
Advanced Java Programming,Software Engineering,Easy
System Design and Architecture,Software Engineering,Easy
Microservices with Spring Boot,Software Engineering,Easy
Agile and DevOps Practices,Software Engineering,Hard
Cloud Computing with AWS,Software Engineering,Easy
Full Stack Web Development,Software Engineering,Hard
Cybersecurity Fundamentals,Software Engineering,Hard
Mobile App Development with React Native,Software Engineering,Medium
Database Optimization Techniques,Software Engineering,Easy
Software Testing and Automation,Software Engineering,Hard
Business Intelligence with Power BI,Business,Easy
Financial Modeling and Forecasting,Business,Hard
Entrepreneurship and Startups,Business,Medium
Digital Marketing and SEO,Business,Hard
E-commerce Strategy,Business,Medium
Corporate Finance Essentials,Business,Hard
Investment Banking Fundamentals,Business,Easy
Leadership and Management Skills,Business,Easy
Project Management with Agile,Business,Medium
Business Negotiation Strategies,Business,Hard
Healthcare Data Analytics,Healthcare,Easy
Medical Ethics and Law,Healthcare,Medium
Public Health Policies and Management,Healthcare,Medium
Pharmaceutical Business Strategy,Healthcare,Hard
Biostatistics for Medical Research,Healthcare,Medium
Hospital Administration,Healthcare,Medium
Medical Imaging and AI,Healthcare,Easy
Telemedicine and Digital Health,Healthcare,Easy
Clinical Research and Trials,Healthcare,Easy
Health Informatics and EMR Systems,Healthcare,Hard
