student_id,gpa,attendance,extracurricular,career_goal
1001,2.75,82,66,AI & Robotics
1002,3.9,75,82,AI & Robotics
1003,3.46,98,96,Finance
1004,3.2,98,51,UI/UX Design
1005,2.31,73,63,Software Engineering
1006,2.31,90,89,UI/UX Design
1007,2.12,64,89,Marketing
1008,3.73,94,100,UI/UX Design
1009,3.2,82,88,Marketing
1010,3.42,88,100,Marketing
1011,2.04,70,55,Project Management
1012,3.94,77,55,Data Science
1013,3.66,71,52,Project Management
1014,2.42,68,56,Marketing
1015,2.36,69,100,Cybersecurity
1016,2.37,76,57,AI & Robotics
1017,2.61,97,91,Marketing
1018,3.05,66,64,Project Management
1019,2.86,72,96,Cybersecurity
1020,2.58,99,78,Project Management
1021,3.22,68,82,UI/UX Design
1022,2.28,86,79,Business
1023,2.58,61,88,Finance
1024,2.73,64,76,Software Engineering
1025,2.91,88,85,Project Management
1026,3.57,96,78,Software Engineering
1027,2.4,97,87,Healthcare
1028,3.03,78,82,Project Management
1029,3.18,67,86,Business
1030,2.09,60,76,Software Engineering
1031,3.22,81,82,Marketing
1032,2.34,76,53,Project Management
1033,2.13,66,71,Data Science
1034,3.9,84,51,Finance
1035,3.93,63,59,Business
1036,3.62,95,54,Software Engineering
1037,2.61,65,59,Business
1038,2.2,90,82,Cybersecurity
1039,3.37,78,87,Finance
1040,2.88,98,62,Marketing
1041,2.24,86,80,Project Management
1042,2.99,69,96,Project Management
1043,2.07,85,85,Project Management
1044,3.82,78,94,Finance
1045,2.52,98,73,Data Science
1046,3.33,62,64,Healthcare
1047,2.62,72,78,AI & Robotics
1048,3.04,87,57,UI/UX Design
1049,3.09,79,54,Software Engineering
1050,2.37,87,78,Data Science
1051,3.94,67,96,Marketing
1052,3.55,100,53,Software Engineering
1053,3.88,98,61,Project Management
1054,3.79,60,94,Business
1055,3.2,62,51,Marketing
1056,3.84,72,76,Software Engineering
1057,2.18,87,80,Project Management
1058,2.39,84,100,Software Engineering
1059,2.09,92,100,Business
1060,2.65,97,85,Project Management
1061,2.78,65,85,Healthcare
1062,2.54,91,75,Data Science
1063,3.66,80,92,Cybersecurity
1064,2.71,75,76,UI/UX Design
1065,2.56,80,54,Finance
1066,3.09,70,69,UI/UX Design
1067,2.28,96,60,Marketing
1068,3.6,95,59,UI/UX Design
1069,2.15,94,89,Project Management
1070,3.97,78,87,Healthcare
1071,3.54,79,55,Cybersecurity
1072,2.4,77,57,Data Science
1073,2.01,100,72,Data Science
1074,3.63,73,96,Business
1075,3.41,74,75,Finance
1076,3.46,90,95,Software Engineering
1077,3.54,60,92,Healthcare
1078,2.15,62,61,Software Engineering
1079,2.72,75,75,Cybersecurity
1080,2.23,82,62,UI/UX Design
1081,3.73,70,89,Data Science
1082,3.25,71,67,Cybersecurity
1083,2.66,69,74,UI/UX Design
1084,2.13,91,82,Data Science
1085,2.62,75,96,UI/UX Design
1086,2.65,67,89,Finance
1087,3.46,97,92,Healthcare
1088,3.28,71,61,Marketing
1089,3.77,83,93,Cybersecurity
1090,2.94,87,85,Cybersecurity
1091,2.24,67,97,AI & Robotics
1092,3.43,87,53,Project Management
1093,3.52,95,54,Finance
1094,3.12,85,86,Finance
1095,3.54,67,57,Software Engineering
1096,2.99,87,91,UI/UX Design
1097,3.05,87,98,Project Management
1098,2.86,96,77,Healthcare
1099,2.05,100,80,Healthcare
1100,2.22,95,58,Finance
1101,2.06,86,100,Healthcare
1102,3.27,76,78,AI & Robotics
1103,2.63,68,63,Cybersecurity
1104,3.02,92,89,Business
1105,3.82,79,90,Marketing
1106,2.5,72,71,Software Engineering
1107,2.82,87,60,UI/UX Design
1108,3.51,88,72,Marketing
1109,2.46,72,50,UI/UX Design
1110,2.15,94,95,Data Science
1111,2.58,65,86,Marketing
1112,2.32,77,70,Business
1113,3.86,64,75,Finance
1114,3.62,84,95,AI & Robotics
1115,3.27,61,85,Cybersecurity
1116,3.74,69,72,Cybersecurity
1117,3.61,89,50,AI & Robotics
1118,2.37,64,100,Project Management
1119,3.79,92,89,Data Science
1120,3.08,60,64,UI/UX Design
1121,3.61,77,70,Business
1122,3.79,91,96,Healthcare
1123,2.64,70,58,Marketing
1124,2.22,80,58,Data Science
1125,2.46,85,59,Marketing
1126,2.85,84,75,Business
1127,3.64,81,90,Software Engineering
1128,3.72,86,84,Software Engineering
1129,2.01,72,74,Data Science
1130,3.02,92,75,Finance
1131,2.83,93,60,Business
1132,2.44,100,87,Business
1133,2.24,94,51,AI & Robotics
1134,2.68,60,56,Finance
1135,3.89,80,67,UI/UX Design
1136,2.65,65,76,UI/UX Design
1137,3.04,87,83,Healthcare
1138,3.41,76,76,Cybersecurity
1139,2.73,64,66,Software Engineering
1140,3.94,90,92,UI/UX Design
1141,3.92,64,93,Finance
1142,2.5,97,100,Business
1143,2.99,62,73,UI/UX Design
1144,2.6,82,74,Business
1145,2.57,96,56,UI/UX Design
1146,2.07,96,55,Software Engineering
1147,3.22,69,73,Marketing
1148,3.01,69,82,UI/UX Design
1149,2.1,78,98,Finance
1150,2.56,76,78,UI/UX Design
1151,3.82,80,92,Cybersecurity
1152,2.48,73,71,Software Engineering
1153,2.29,68,75,Finance
1154,2.98,60,77,AI & Robotics
1155,3.97,72,99,Finance
1156,2.48,63,70,Cybersecurity
1157,3.34,60,98,Marketing
1158,3.52,99,56,Software Engineering
1159,2.48,91,66,AI & Robotics
1160,3.46,93,69,Cybersecurity
1161,2.74,87,90,Cybersecurity
1162,3.26,90,98,Data Science
1163,3.27,67,69,Software Engineering
1164,3.07,98,71,Finance
1165,2.18,85,77,Business
1166,3.67,93,89,Marketing
1167,2.64,62,98,Business
1168,2.37,71,56,Finance
1169,2.08,60,50,Finance
1170,3.18,64,81,Software Engineering
1171,3.36,89,62,Finance
1172,2.03,89,79,Data Science
1173,3.02,76,72,AI & Robotics
1174,2.45,82,100,Finance
1175,3.29,74,68,Business
1176,2.35,96,81,Finance
1177,3.38,80,79,Data Science
1178,2.77,73,78,UI/UX Design
1179,3.87,61,98,UI/UX Design
1180,2.28,70,94,Cybersecurity
1181,2.68,98,78,Marketing
1182,2.23,97,79,Healthcare
1183,3.85,93,65,AI & Robotics
1184,3.75,97,89,Project Management
1185,2.52,93,68,Cybersecurity
1186,3.32,77,67,Marketing
1187,3.63,89,50,UI/UX Design
1188,3.11,74,63,Business
1189,3.06,86,100,Project Management
1190,2.48,93,96,Marketing
1191,2.19,97,99,Marketing
1192,3.79,92,51,Cybersecurity
1193,3.8,83,77,Project Management
1194,3.27,74,98,Software Engineering
1195,2.68,89,99,Healthcare
1196,2.7,76,79,Software Engineering
1197,3.45,64,87,Project Management
1198,3.79,88,100,Software Engineering
1199,3.77,63,53,Data Science
1200,3.56,69,50,UI/UX Design
1201,3.28,76,57,Data Science
1202,2.17,69,78,Finance
1203,2.32,76,88,Software Engineering
1204,3.8,79,52,Finance
1205,3.21,83,81,Business
1206,2.02,64,59,AI & Robotics
1207,2.2,93,59,Business
1208,3.33,65,68,Project Management
1209,2.01,61,95,Marketing
1210,2.32,72,83,UI/UX Design
1211,3.1,70,82,Software Engineering
1212,3.38,82,72,Cybersecurity
1213,3.3,75,77,AI & Robotics
1214,2.45,90,81,Healthcare
1215,3.42,70,99,Healthcare
1216,2.47,75,56,Healthcare
1217,2.65,67,78,Software Engineering
1218,3.49,63,57,Healthcare
1219,3.3,99,50,Data Science
1220,3.7,63,52,AI & Robotics
1221,3.32,84,73,Data Science
1222,3.14,62,72,Marketing
1223,2.19,91,57,AI & Robotics
1224,2.74,62,96,Data Science
1225,2.53,86,86,AI & Robotics
1226,2.49,88,52,Marketing
1227,3.95,91,100,Finance
1228,2.79,78,82,Software Engineering
1229,3.78,80,77,Software Engineering
1230,3.26,64,96,Healthcare
1231,3.59,77,57,Business
1232,3.01,87,83,Healthcare
1233,3.15,81,84,Project Management
1234,2.99,80,81,Data Science
1235,2.39,65,73,AI & Robotics
1236,3.44,60,63,Business
1237,2.56,64,81,Marketing
1238,2.05,100,95,Project Management
1239,3.29,71,92,Marketing
1240,2.35,85,65,Software Engineering
1241,3.88,93,53,Software Engineering
1242,3.91,73,86,Healthcare
1243,3.83,85,70,Data Science
1244,2.74,86,63,Business
1245,2.03,68,80,UI/UX Design
1246,3.86,85,97,Project Management
1247,2.86,81,67,Project Management
1248,3.93,89,56,Healthcare
1249,3.93,76,59,Software Engineering
1250,3.71,85,56,Healthcare
1251,2.59,95,82,AI & Robotics
1252,2.77,60,72,Business
1253,3.7,67,70,Data Science
1254,2.63,94,68,Finance
1255,2.34,74,97,Cybersecurity
1256,3.11,81,68,Cybersecurity
1257,3.87,73,85,Healthcare
1258,3.39,85,78,AI & Robotics
1259,3.14,87,67,Business
1260,2.19,82,51,UI/UX Design
1261,3.23,73,50,Cybersecurity
1262,3.98,83,96,Business
1263,2.28,61,54,Data Science
1264,3.04,85,69,Marketing
1265,3.75,73,60,AI & Robotics
1266,3.48,66,91,Software Engineering
1267,3.39,62,51,Business
1268,3.4,82,52,Data Science
1269,2.72,77,72,UI/UX Design
1270,2.59,97,61,Finance
1271,3.62,94,69,Software Engineering
1272,3.62,74,54,Finance
1273,3.73,84,86,UI/UX Design
1274,3.83,96,87,Data Science
1275,3.02,87,79,Cybersecurity
1276,3.0,69,58,Finance
1277,3.6,98,83,Software Engineering
1278,3.3,76,93,Healthcare
1279,3.4,98,84,Project Management
1280,3.59,81,71,Business
1281,3.78,85,93,Cybersecurity
1282,2.68,84,73,Finance
1283,2.75,76,66,Marketing
1284,2.19,72,59,Business
1285,3.16,79,79,Healthcare
1286,2.07,84,95,UI/UX Design
1287,2.93,63,72,Project Management
1288,3.09,69,81,Data Science
1289,2.57,62,66,Healthcare
1290,3.18,100,99,Healthcare
1291,2.06,77,100,UI/UX Design
1292,2.07,95,66,AI & Robotics
1293,3.65,81,63,UI/UX Design
1294,2.72,93,58,AI & Robotics
1295,2.25,67,89,AI & Robotics
1296,3.04,99,51,Cybersecurity
1297,3.54,78,94,Cybersecurity
1298,2.43,100,74,Software Engineering
1299,3.25,96,88,Finance
1300,2.17,65,58,Finance
1301,2.1,85,71,Data Science
1302,3.06,93,92,Finance
1303,3.08,65,95,Cybersecurity
1304,3.27,96,53,Software Engineering
1305,3.45,92,75,Software Engineering
1306,3.95,81,78,AI & Robotics
1307,3.03,80,94,UI/UX Design
1308,2.65,65,83,Data Science
1309,3.59,65,72,AI & Robotics
1310,2.54,63,86,UI/UX Design
1311,2.88,89,60,Finance
1312,2.16,70,55,AI & Robotics
1313,2.05,89,67,Business
1314,3.93,90,70,Finance
1315,3.67,83,91,UI/UX Design
1316,3.39,68,85,Data Science
1317,2.82,62,90,UI/UX Design
1318,2.35,90,87,AI & Robotics
1319,2.31,99,83,AI & Robotics
1320,2.5,96,66,Healthcare
1321,3.1,95,86,Data Science
1322,3.43,83,74,Marketing
1323,3.32,90,87,Finance
1324,2.56,65,61,Software Engineering
1325,3.91,61,72,Data Science
1326,3.48,79,91,Software Engineering
1327,3.11,87,71,Data Science
1328,3.22,70,70,Data Science
1329,2.84,63,76,UI/UX Design
1330,2.5,74,80,Data Science
1331,2.71,65,55,Healthcare
1332,3.52,89,76,Marketing
1333,2.03,97,89,AI & Robotics
1334,2.23,61,83,Project Management
1335,2.09,74,61,Software Engineering
1336,2.08,70,94,AI & Robotics
1337,3.71,67,56,Project Management
1338,3.41,85,59,Marketing
1339,2.95,64,94,Marketing
1340,2.2,65,66,Software Engineering
1341,2.98,85,75,Software Engineering
1342,2.95,63,70,Marketing
1343,2.35,78,77,Project Management
1344,2.87,79,95,Data Science
1345,2.8,92,51,Finance
1346,3.23,79,92,Business
1347,3.27,71,50,AI & Robotics
1348,2.09,60,100,UI/UX Design
1349,2.75,85,85,AI & Robotics
1350,3.25,73,100,UI/UX Design
1351,3.01,97,75,Project Management
1352,3.71,96,78,UI/UX Design
1353,3.32,70,70,Software Engineering
1354,2.33,95,60,Finance
1355,2.14,72,89,Finance
1356,3.28,62,60,Software Engineering
1357,2.05,92,85,Healthcare
1358,3.17,65,98,Project Management
1359,3.88,69,88,Healthcare
1360,3.15,64,89,Healthcare
1361,2.78,82,84,AI & Robotics
1362,3.29,69,83,Marketing
1363,2.92,61,96,AI & Robotics
1364,3.09,72,73,Marketing
1365,3.88,99,71,Business
1366,2.77,61,54,UI/UX Design
1367,3.92,79,82,Marketing
1368,3.81,60,85,Software Engineering
1369,2.39,96,96,AI & Robotics
1370,2.14,68,69,Project Management
1371,2.2,76,68,UI/UX Design
1372,2.04,68,84,Business
1373,2.19,70,92,Marketing
1374,3.37,74,66,Business
1375,2.14,83,94,Project Management
1376,2.64,97,92,Healthcare
1377,3.69,94,83,Finance
1378,2.05,89,58,Project Management
1379,3.63,90,75,Cybersecurity
1380,2.56,64,51,Project Management
1381,2.24,73,58,Business
1382,3.39,70,58,Software Engineering
1383,3.26,68,89,AI & Robotics
1384,3.75,93,66,Software Engineering
1385,3.47,71,50,Business
1386,3.61,94,74,AI & Robotics
1387,2.56,94,92,Cybersecurity
1388,2.35,60,89,Finance
1389,3.5,99,91,UI/UX Design
1390,3.61,81,74,Business
1391,3.98,88,88,Marketing
1392,2.83,67,84,Business
1393,2.74,70,52,Business
1394,3.55,100,99,AI & Robotics
1395,2.68,96,86,Data Science
1396,3.86,73,93,Project Management
1397,3.72,89,93,Data Science
1398,2.86,94,100,Cybersecurity
1399,3.5,80,79,Marketing
1400,3.51,96,87,Finance
1401,2.21,64,83,Healthcare
1402,3.81,78,61,Cybersecurity
1403,3.01,73,68,Healthcare
1404,3.65,85,86,Healthcare
1405,2.64,63,93,Finance
1406,3.79,84,98,Software Engineering
1407,2.78,84,66,Data Science
1408,2.02,77,59,Business
1409,3.81,99,98,UI/UX Design
1410,2.18,67,96,Healthcare
1411,2.64,98,61,Marketing
1412,3.9,99,65,Cybersecurity
1413,3.9,73,73,Software Engineering
1414,3.15,91,68,Healthcare
1415,3.26,97,57,Software Engineering
1416,2.9,92,80,Software Engineering
1417,2.59,82,70,Healthcare
1418,2.66,74,66,AI & Robotics
1419,3.35,92,72,Project Management
1420,3.5,84,86,Marketing
